# instance	spb_oracle_ub
# smallest upper bound any recorded SPB round returned for
# this instance. Injected by --config CASHOracleUB at CASH's
# first scheduling point; no local search runs in that config.
MSE23W/CSG_wt-CSG140-140-46.wcnf	16960
MSE23W/CSG_wt-CSG140-140-6.wcnf	52385
MSE23W/CSG_wt-CSG150-150-55.wcnf	27533
MSE23W/CSG_wt-CSG40-40-95.wcnf	8847
MSE23W/CSG_wt-CSG60-60-88.wcnf	7714
MSE23W/CSG_wt-CSGNaive140-140-0.wcnf	18185
MSE23W/CSG_wt-CSGNaive140-140-6.wcnf	57067
MSE23W/CSG_wt-CSGNaive150-150-55.wcnf	30694
MSE23W/CSG_wt-CSGNaive70-70-91.wcnf	11177
MSE23W/MaxSATQueriesinInterpretableClassifiers_wt-compas_train_0_CNF_3_5.wcnf	10469
MSE23W/MaxSATQueriesinInterpretableClassifiers_wt-compas_train_1_DNF_1_15.wcnf	34593
MSE23W/MaxSATQueriesinInterpretableClassifiers_wt-credit_train_8_CNF_5_20.wcnf	95090
MSE23W/MaxSATQueriesinInterpretableClassifiers_wt-ilpd_test_1_CNF_4_5.wcnf	74
MSE23W/MaxSATQueriesinInterpretableClassifiers_wt-pima_train_6_CNF_3_20.wcnf	2757
MSE23W/MaxSATQueriesinInterpretableClassifiers_wt-toms_test_2_CNF_3_20.wcnf	139
MSE23W/MaxSATQueriesinInterpretableClassifiers_wt-toms_test_3_CNF_1_20.wcnf	1308
MSE23W/MinimumWeightDominatingSetProblem_wt-bn-human-BNU_1_0025865_session_1-bg.wcnf	119326673
MSE23W/MinimumWeightDominatingSetProblem_wt-channel-500x100x100-b050.wcnf	27411996
MSE23W/MinimumWeightDominatingSetProblem_wt-delaunay_n24.wcnf	857940068
MSE23W/MinimumWeightDominatingSetProblem_wt-hugebubbles-00020.wcnf	1166099725
MSE23W/MinimumWeightDominatingSetProblem_wt-inf-road-usa.wcnf	1413442429
MSE23W/MinimumWeightDominatingSetProblem_wt-rgg_n_2_24_s0.wcnf	842940528
MSE23W/MinimumWeightDominatingSetProblem_wt-sc-rel9.wcnf	11783351
MSE23W/MinimumWeightDominatingSetProblem_wt-soc-livejournal-user-groups.wcnf	430900011
MSE23W/MinimumWeightDominatingSetProblem_wt-web-wikipedia2009.wcnf	26865822
MSE23W/ParametricRBACMaintenance_mse20_wt-role_domino_multiple_0.1_8.wcnf	36746
MSE23W/ParametricRBACMaintenance_mse20_wt-role_domino_multiple_0.2_0.wcnf	66045
MSE23W/ParametricRBACMaintenance_mse20_wt-role_domino_multiple_0.5_1.wcnf	141469
MSE23W/ParametricRBACMaintenance_mse20_wt-role_domino_multiple_0.6_8.wcnf	156895
MSE23W/ParametricRBACMaintenance_mse20_wt-role_smallcomp_multiple_0.7_2.wcnf	277562
MSE23W/ParametricRBACMaintenance_mse20_wt-role_smallcomp_multiple_0.7_6.wcnf	252094
MSE23W/ParametricRBACMaintenance_mse20_wt-role_smallcomp_multiple_0.8_1.wcnf	351015
MSE23W/ParametricRBACMaintenance_mse20_wt-role_smallcomp_multiple_0.9_6.wcnf	282994
MSE23W/ParametricRBACMaintenance_mse20_wt-role_university_multiple_0.1_1.wcnf	58116
MSE23W/ParametricRBACMaintenance_mse20_wt-role_university_multiple_0.4_7.wcnf	169977
MSE23W/ParametricRBACMaintenance_mse20_wt-role_university_multiple_0.5_4.wcnf	204962
MSE23W/ParametricRBACMaintenance_mse20_wt-role_university_multiple_0.5_5.wcnf	183048
MSE23W/ParametricRBACMaintenance_mse20_wt-role_university_multiple_0.5_7.wcnf	169882
MSE23W/Security-CriticalCyber-PhysicalComponents_wt-test54--n-15000.wcnf	45
MSE23W/Security-CriticalCyber-PhysicalComponents_wt-test68--n-20000.wcnf	20
MSE23W/Security-CriticalCyber-PhysicalComponents_wt-test75--n-20000.wcnf	5
MSE23W/abstraction-refinement_wt-downcast-antlr.wcnf	77378
MSE23W/abstraction-refinement_wt-downcast-avrora.wcnf	47025
MSE23W/abstraction-refinement_wt-downcast-hsqldb.wcnf	30755
MSE23W/abstraction-refinement_wt-downcast-pmd.wcnf	4467
MSE23W/abstraction-refinement_wt-downcast-xalan.wcnf	66042
MSE23W/abstraction-refinement_wt-polysite-avrora.wcnf	52707
MSE23W/abstraction-refinement_wt-polysite-bloat.wcnf	246
MSE23W/abstraction-refinement_wt-polysite-hsqldb.wcnf	174337
MSE23W/abstraction-refinement_wt-polysite-lusearch.wcnf	422551
MSE23W/abstraction-refinement_wt-polysite-pmd.wcnf	189615
MSE23W/abstraction-refinement_wt-polysite-xalan.wcnf	116144
MSE23W/causal-discovery_wt-causal_Diabetes_8_1000.wcnf	54543894
MSE23W/causal-discovery_wt-causal_Link_10_1000.wcnf	33562494
MSE23W/causal-discovery_wt-causal_Link_10_10000.wcnf	257745134
MSE23W/causal-discovery_wt-causal_Link_9_100.wcnf	1539490
MSE23W/causal-discovery_wt-causal_Meta_7_528.wcnf	66678
MSE23W/causal-discovery_wt-causal_Mushroom_7_1000.wcnf	384211
MSE23W/causal-discovery_wt-causal_Pigs_6_1000.wcnf	254845034
MSE23W/causal-discovery_wt-causal_Water_10_1000.wcnf	601201236
MSE23W/causal-discovery_wt-causal_Water_7_380.wcnf	3025575
MSE23W/causal-discovery_wt-causal_alarm_9_1000.wcnf	8944224
MSE23W/causal-discovery_wt-causal_carpo_8_1000.wcnf	4594492
MSE23W/causal-discovery_wt-causal_hailfinder_7_100.wcnf	2286628
MSE23W/causal-discovery_wt-causal_hailfinder_8_10000.wcnf	1176985736
MSE23W/correlation-clustering_wt-Rounded_CorrelationClustering_Ionosphere_BINARY_N260_D0.200.wcnf	6813515
MSE23W/correlation-clustering_wt-Rounded_CorrelationClustering_Protein1_BINARY_N300.wcnf	18419900
MSE23W/correlation-clustering_wt-Rounded_CorrelationClustering_Protein1_BINARY_N320.wcnf	19968959
MSE23W/correlation-clustering_wt-Rounded_CorrelationClustering_Protein1_TRANSITIVE_N150.wcnf	5099274
MSE23W/correlation-clustering_wt-Rounded_CorrelationClustering_Protein1_UNARY_N290.wcnf	19445795
MSE23W/correlation-clustering_wt-Rounded_CorrelationClustering_Protein2_BINARY_N220.wcnf	13727551
MSE23W/correlation-clustering_wt-Rounded_CorrelationClustering_Protein2_BINARY_N240.wcnf	16021618
MSE23W/correlation-clustering_wt-Rounded_CorrelationClustering_Protein2_BINARY_N380.wcnf	37149179
MSE23W/correlation-clustering_wt-Rounded_CorrelationClustering_Protein2_UNARY_N220.wcnf	13938733
MSE23W/correlation-clustering_wt-Rounded_CorrelationClustering_Protein3_TRANSITIVE_N280.wcnf	19642136
MSE23W/correlation-clustering_wt-Rounded_CorrelationClustering_Protein3_UNARY_N220.wcnf	14071763
MSE23W/correlation-clustering_wt-Rounded_CorrelationClustering_Protein4_BINARY_N320.wcnf	12910785
MSE23W/correlation-clustering_wt-Rounded_CorrelationClustering_Protein4_UNARY_N250.wcnf	8671676
MSE23W/correlation-clustering_wt-Rounded_CorrelationClustering_Vowel_BINARY_N700_D0.200.wcnf	71772504
MSE23W/correlation-clustering_wt-Rounded_CorrelationClustering_Vowel_BINARY_N800_D0.200.wcnf	84434782
MSE23W/css-refactoring_wt-amazon.dimacs.wcnf	113579
MSE23W/css-refactoring_wt-ebay.dimacs.wcnf	123941
MSE23W/css-refactoring_wt-github.dimacs.wcnf	187405
MSE23W/css-refactoring_wt-guardian.dimacs.wcnf	160777
MSE23W/css-refactoring_wt-londonist.dimacs.wcnf	70703
MSE23W/css-refactoring_wt-youtube.dimacs.wcnf	227167
MSE23W/dalculus_wt-f1-DataDisplay_0_order4.seq-B-2-1-irEDCBA.wcnf	2271302
MSE23W/decision-tree-anneal-un-formula_0.8_2021_atleast_31_max-4_reduced_incomplete_adaboost_3.wcnf	374
MSE23W/decision-tree-anneal-un-formula_0.8_2021_atleast_31_max-4_reduced_incomplete_adaboost_5.wcnf	724
MSE23W/decision-tree-australian-credit-un-formula_0.8_2021_atleast_31_max-4_reduced_incomplete_adaboost_5.wcnf	574
MSE23W/decision-tree-heart-cleveland-un-formula_0.8_2021_atleast_127_max-6_reduced_incomplete_adaboost_2.wcnf	72
MSE23W/decision-tree-heart-cleveland-un-formula_0.8_2021_atleast_15_max-3_reduced_incomplete_adaboost_4.wcnf	138
MSE23W/decision-tree-heart-cleveland-un-formula_0.8_2021_atleast_31_max-4_reduced_incomplete_adaboost_4.wcnf	146
MSE23W/decision-tree-heart-cleveland-un-formula_0.8_2021_atleast_31_max-4_reduced_incomplete_adaboost_6.wcnf	240
MSE23W/decision-tree-primary-tumor-un-formula_0.8_2021_atleast_127_max-6_reduced_incomplete_adaboost_2.wcnf	117
MSE23W/decision-tree-primary-tumor-un-formula_0.8_2021_atleast_127_max-6_reduced_incomplete_adaboost_4.wcnf	212
MSE23W/decision-tree-primary-tumor-un-formula_0.8_2021_atleast_15_max-3_reduced_incomplete_adaboost_2.wcnf	92
MSE23W/decision-tree-primary-tumor-un-formula_0.8_2021_atleast_31_max-4_reduced_incomplete_adaboost_4.wcnf	155
MSE23W/decision-tree-primary-tumor-un-formula_0.8_2021_atleast_63_max-5_reduced_incomplete_adaboost_6.wcnf	334
MSE23W/decision-tree-tic-tac-toe-un-formula_0.8_2021_atleast_15_max-3_reduced_incomplete_adaboost_2.wcnf	335
MSE23W/decision-tree-tic-tac-toe-un-formula_0.8_2021_atleast_15_max-3_reduced_incomplete_adaboost_3.wcnf	443
MSE23W/decision-tree-tic-tac-toe-un-formula_0.8_2021_atleast_31_max-4_reduced_incomplete_adaboost_2.wcnf	286
MSE23W/drmx-cryptogen_wt-geffe128_0.wcnf	823
MSE23W/drmx-cryptogen_wt-geffe128_1.wcnf	821
MSE23W/drmx-cryptogen_wt-geffe128_3.wcnf	820
MSE23W/drmx-cryptogen_wt-geffe128_4.wcnf	824
MSE23W/drmx-cryptogen_wt-geffe128_7.wcnf	823
MSE23W/drmx-cryptogen_wt-threshold128_0.wcnf	823
MSE23W/drmx-cryptogen_wt-threshold128_7.wcnf	825
MSE23W/drmx-cryptogen_wt-wolfram72_1.wcnf	9545
MSE23W/drmx-cryptogen_wt-wolfram72_2.wcnf	9543
MSE23W/drmx-cryptogen_wt-wolfram72_8.wcnf	9550
MSE23W/drmx-cryptogen_wt-wolfram80_3.wcnf	11759
MSE23W/drmx-cryptogen_wt-wolfram80_4.wcnf	11778
MSE23W/drmx-cryptogen_wt-wolfram80_8.wcnf	11768
MSE23W/drmx-cryptogen_wt-wolfram80_9.wcnf	11761
MSE23W/frb_wt-frb10-6-1.wcnf	50
MSE23W/frb_wt-frb25-13-1.wcnf	300
MSE23W/frb_wt-frb25-13-3.wcnf	300
MSE23W/frb_wt-frb25-13-5.wcnf	300
MSE23W/frb_wt-frb30-15-1.wcnf	420
MSE23W/frb_wt-frb30-15-3.wcnf	420
MSE23W/frb_wt-frb30-15-4.wcnf	420
MSE23W/frb_wt-frb35-17-5.wcnf	560
MSE23W/frb_wt-frb40-19-4.wcnf	720
MSE23W/generalized-ising_wt-IS11_5.0.5.0.0.5_softer_periodic.wcnf	111911777649462
MSE23W/generalized-ising_wt-IS12_5.0.5.0.0.5_softer_periodic.wcnf	113011777649462
MSE23W/generalized-ising_wt-IS13_5.0.5.0.0.5_softer_periodic.wcnf	119401387482250
MSE23W/generalized-ising_wt-IS15_5.0.5.0.0.5_softer_periodic.wcnf	114658059944605
MSE23W/generalized-ising_wt-IS16_5.0.5.0.0.5_softer_periodic.wcnf	115258059944605
MSE23W/generalized-ising_wt-IS17_5.0.5.0.0.5_softer_periodic.wcnf	115858059944605
MSE23W/generalized-ising_wt-IS20_5.0.5.0.0.5_softer_periodic.wcnf	119388436533622
MSE23W/generalized-ising_wt-IS22_5.0.5.0.0.5_softer_periodic.wcnf	118821209148950
MSE23W/generalized-ising_wt-IS23_5.0.5.0.0.5_softer_periodic.wcnf	118321209148950
MSE23W/generalized-ising_wt-IS3_5.0.5.0.0.5_softer_periodic.wcnf	116770994747962
MSE23W/generalized-ising_wt-IS4_5.0.5.0.0.5_softer_periodic.wcnf	115857504490145
MSE23W/generalized-ising_wt-IS5_5.0.5.0.0.5_softer_periodic.wcnf	114843630201205
MSE23W/generalized-ising_wt-IS6_5.0.5.0.0.5_softer_periodic.wcnf	113797656078081
MSE23W/generalized-ising_wt-IS7_5.0.5.0.0.5_softer_periodic.wcnf	112706601923009
MSE23W/generalized-ising_wt-IS9_5.0.5.0.0.5_softer_periodic.wcnf	110066981524169
MSE23W/haplotyping-pedigrees_wt-ped2.G.recomb10-0.01-5.wcnf	59951
MSE23W/haplotyping-pedigrees_wt-ped2.G.recomb5-0.10-6.wcnf	27383
MSE23W/haplotyping-pedigrees_wt-ped2.G.recomb5-0.20-14.wcnf	20984
MSE23W/hs-timetabling_wt-BrazilInstance1.xml.wcnf	75
MSE23W/hs-timetabling_wt-BrazilInstance2.xml.wcnf	175
MSE23W/hs-timetabling_wt-ItalyInstance1.xml.wcnf	66
MSE23W/hs-timetabling_wt-ItalyInstance4.xml.wcnf	3787
MSE23W/judgment-aggregation-ja-kemeny-preflib-00043-00000180.wcnf	433
MSE23W/judgment-aggregation-ja-kemeny-preflib-00049-00000287.wcnf	782
MSE23W/judgment-aggregation-ja-kemeny-preflib-00049-00000300.wcnf	776
MSE23W/judgment-aggregation-ja-kemeny-preflib-00049-00000334.wcnf	542
MSE23W/judgment-aggregation-ja-kemeny-preflib-00049-00000353.wcnf	554
MSE23W/judgment-aggregation-ja-kemeny-preflib-00049-00000377.wcnf	647
MSE23W/judgment-aggregation-ja-kemeny-preflib-00049-00000451.wcnf	928
MSE23W/judgment-aggregation-ja-kemeny-preflib-00049-00000454.wcnf	631
MSE23W/judgment-aggregation-ja-kemeny-preflib-00049-00000468.wcnf	548
MSE23W/judgment-aggregation-ja-kemeny-preflib-00049-00000614.wcnf	792
MSE23W/judgment-aggregation-ja-kemeny-preflib-00051-00000007.wcnf	545
MSE23W/judgment-aggregation-ja-kemeny-preflib-00051-00000009.wcnf	633
MSE23W/judgment-aggregation-ja-kemeny-preflib-00051-00000011.wcnf	694
MSE23W/max-realizability_wt-power-distribution_10_4.wcnf	60
MSE23W/max-realizability_wt-power-distribution_11_7.wcnf	126
MSE23W/max-realizability_wt-power-distribution_12_3.wcnf	216
MSE23W/max-realizability_wt-power-distribution_12_8.wcnf	217
MSE23W/metro_wt-metro_8_8_5_20_10_6_500_1_0.lp.sm-extracted.wcnf	100
MSE23W/metro_wt-metro_8_8_5_20_10_6_500_1_1.lp.sm-extracted.wcnf	137
MSE23W/metro_wt-metro_8_8_5_20_10_6_500_1_3.lp.sm-extracted.wcnf	222
MSE23W/metro_wt-metro_8_8_5_20_10_6_500_1_7.lp.sm-extracted.wcnf	107
MSE23W/metro_wt-metro_9_8_7_30_10_6_500_1_7.lp.sm-extracted.wcnf	56
MSE23W/metro_wt-metro_9_8_7_30_10_6_500_1_8.lp.sm-extracted.wcnf	76
MSE23W/metro_wt-metro_9_9_10_35_13_7_500_2_7.lp.sm-extracted.wcnf	52
MSE23W/mpe_wt-random-net-30-4_network-9.net.wcnf	27749
MSE23W/mpe_wt-random-net-30-5_network-10.net.wcnf	20279
MSE23W/mpe_wt-random-net-50-4_network-2.net.wcnf	40906
MSE23W/mpe_wt-random-net-50-5_network-8.net.wcnf	46878
MSE23W/mpmcs_wt-test25--n-5000.wcnf	1858
MSE23W/mpmcs_wt-test36--n-5000.wcnf	19249301
MSE23W/planning_wt-driverlog01bc.wcsp.dir.wcnf	2245
MSE23W/preference_planning_wt-WCNF_pathways_p16.wcnf	257
MSE23W/protein_ins_wt-1bpi_.2knt_.g.wcnf.t.wcnf	2407
MSE23W/protein_ins_wt-1bpi_.5pti_.g.wcnf.t.wcnf	2974
MSE23W/protein_ins_wt-1knt_.1bpi_.g.wcnf.t.wcnf	2464
MSE23W/protein_ins_wt-1knt_.5pti_.g.wcnf.t.wcnf	2208
MSE23W/protein_ins_wt-2knt_.5pti_.g.wcnf.t.wcnf	2156
MSE23W/protein_ins_wt-3ebx_.1era_.g.wcnf.t.wcnf	2517
MSE23W/protein_ins_wt-3ebx_.6ebx_.g.wcnf.t.wcnf	1740
MSE23W/protein_ins_wt-6ebx_.1era_.g.wcnf.t.wcnf	1646
MSE23W/protein_ins_wt-p1.wcnf.t.wcnf	2407
MSE23W/protein_ins_wt-sandiaprotein.g.wcnf.t.wcnf	2248
MSE23W/qcp_wt-file_qc_wcnf_N6_H21_3.wcnf	2
MSE23W/qcp_wt-file_qc_wcnf_N6_H21_4.wcnf	2
MSE23W/qcp_wt-file_qc_wcnf_N7_H29_4.wcnf	2
MSE23W/quantum-circuit-ae_5_20_ibmq-casablanca_7.wcnf	126
MSE23W/quantum-circuit-portfoliovqe_4_18_ibmq-casablanca_7.wcnf	33
MSE23W/quantum-circuit-qftentangled_4_21_ibmq-casablanca_7.wcnf	51
MSE23W/quantum-circuit-qftentangled_5_30_ibmq-london_5.wcnf	33
MSE23W/quantum-circuit-qftentangled_5_48_rigetti-agave_8.wcnf	63
MSE23W/quantum-circuit-su2random_4_18_ibmq-casablanca_7.wcnf	99
MSE23W/quantum-circuit-su2random_5_30_ibmq-london_5.wcnf	60
MSE23W/quantum-circuit-vqe_4_12_ibmq-casablanca_7.wcnf	24
MSE23W/quantum-circuit-vqe_5_20_ibmq-london_5.wcnf	36
MSE23W/railway-transport_wt-f2030.wcnf	4423
MSE23W/railway-transport_wt-r11.wcnf	119164426
MSE23W/railway-transport_wt-wg2.wcnf	149
MSE23W/ramsey_wt-ram_k3_n14.ra1.wcnf	3025
MSE23W/ramsey_wt-ram_k3_n16.ra1.wcnf	7271
MSE23W/ramsey_wt-ram_k3_n19.ra1.wcnf	20665
MSE23W/ramsey_wt-ram_k4_n19.ra1.wcnf	2257
MSE23W/relational-inference_wt-ar-2.wcnf	394809
MSE23W/relational-inference_wt-pa-1.wcnf	3669280
MSE23W/relational-inference_wt-pa-2.wcnf	948101
MSE23W/relational-inference_wt-pa-3.wcnf	542403526
MSE23W/relational-inference_wt-rc-2.wcnf	5735
MSE23W/relational-inference_wt-rc-3.wcnf	5730
MSE23W/rna-alignment_wt-k100-18-95.rna.pre.wcnf	1930
MSE23W/rna-alignment_wt-k100-35-86.rna.pre.wcnf	2194
MSE23W/rna-alignment_wt-k100-42-56.rna.pre.wcnf	1838
MSE23W/rna-alignment_wt-k100-67-93.rna.pre.wcnf	1684
MSE23W/rna-alignment_wt-k100-71-84.rna.pre.wcnf	1935
MSE23W/rna-alignment_wt-random-dif-5.rna.pre.wcnf	730
MSE23W/setcover_wt-rail2536.wcnf	729
MSE23W/setcover_wt-rail4284.wcnf	1137
MSE23W/setcover_wt-rail4872.wcnf	1601
MSE23W/setcover_wt-rail507.wcnf	177
MSE23W/setcover_wt-rail516.wcnf	182
MSE23W/setcover_wt-rail582.wcnf	214
MSE23W/spot5_wt-1401.wcsp.log.wcnf	459106
MSE23W/spot5_wt-1403.wcsp.dir.wcnf	459247
MSE23W/spot5_wt-1403.wcsp.log.wcnf	459246
MSE23W/spot5_wt-1405.wcsp.dir.wcnf	459416
MSE23W/spot5_wt-1506.wcsp.log.wcnf	354517
MSE23W/spot5_wt-5.wcsp.log.wcnf	261
MSE23W/spot5_wt-54.wcsp.log.wcnf	37
MSE23W/staff-scheduling_wt-instance10.wcnf	4961
MSE23W/staff-scheduling_wt-instance11.wcnf	3596
MSE23W/staff-scheduling_wt-instance12.wcnf	5497
MSE23W/staff-scheduling_wt-instance2.wcnf	835
MSE23W/staff-scheduling_wt-instance3.wcnf	1020
MSE23W/staff-scheduling_wt-instance4.wcnf	1736
MSE23W/staff-scheduling_wt-instance5.wcnf	1281
MSE23W/staff-scheduling_wt-instance6.wcnf	2014
MSE23W/staff-scheduling_wt-instance7.wcnf	1148
MSE23W/staff-scheduling_wt-instance8.wcnf	3662
MSE23W/staff-scheduling_wt-instance9.wcnf	1635
MSE23W/synplicate-AutoTaxi-run2-ms_0_77_0.918918918918919_erm.wcnf	187
MSE23W/synplicate-BankLoan-run1-ms_0_28_0.955_erm.wcnf	309
MSE23W/synplicate-BankLoan-run3-ms_0_80_0.8273972602739726_erm.wcnf	234
MSE23W/synplicate-TheoremProver-run3-ms_0_68_0.8488188976377953_erm.wcnf	290
MSE23W/tcp_wt-tcp_students_105_it_10.wcnf	3510
MSE23W/tcp_wt-tcp_students_105_it_6.wcnf	2994
MSE23W/tcp_wt-tcp_students_105_it_8.wcnf	3324
MSE23W/tcp_wt-tcp_students_105_it_9.wcnf	3216
MSE23W/tcp_wt-tcp_students_112_it_13.wcnf	2958
MSE23W/tcp_wt-tcp_students_112_it_2.wcnf	3624
MSE23W/tcp_wt-tcp_students_91_it_12.wcnf	2166
MSE23W/tcp_wt-tcp_students_91_it_13.wcnf	2730
MSE23W/tcp_wt-tcp_students_91_it_14.wcnf	2208
MSE23W/tcp_wt-tcp_students_98_it_14.wcnf	3066
MSE23W/tcp_wt-tcp_students_98_it_2.wcnf	2580
MSE23W/tcp_wt-tcp_students_98_it_3.wcnf	3024
MSE23W/timetabling_wt-Udine2.lp.sm-extracted.wcnf	208
MSE23W/timetabling_wt-comp02.wcnf	130
MSE23W/timetabling_wt-comp08.lp.sm-extracted.wcnf	81
MSE23W/timetabling_wt-comp09.wcnf	142
MSE23W/timetabling_wt-comp12.wcnf	483
MSE23W/timetabling_wt-comp13.lp.sm-extracted.wcnf	126
MSE23W/timetabling_wt-comp14.wcnf	127
MSE23W/upgradeability_wt-rand981_l2.wcnf	1878056
MSE23W/warehouses_wt-cap132.wcsp.wcnf	8522569
MSE23W/warehouses_wt-cap92.wcsp.wcnf	8554656
build/SPBMAXSAT2-master/SPBMAXSAT2-master/hard_keyword.wcnf	7
build/SPBMAXSAT2-master/SPBMAXSAT2-master/persistent_interface.wcnf	3
build/SPBMAXSAT2-master/SPBMAXSAT2-master/standard_weighted.wcnf	3
tests/instances/fixed_cost.wcnf	10
tests/instances/weight_gcd.wcnf	6
